CpG,p_ks,FDR_cpg,median_diff,UCSC_RefGene_Name
cg21254171,2.7749517641075694e-08,0.008858284269937105,0.0003912407096602,MRPL1
cg23645831,3.248847971283309e-07,0.04966455819638401,0.0150326163616843,DDI2
cg27114428,4.6673853259054653e-07,0.04966455819638401,0.003037717396178,BAT5
cg02548780,1.2724998191819615e-06,0.08672275525270466,0.0354820398383546,C16orf52
cg20236533,1.416678549879008e-06,0.08672275525270466,0.0093969447058131,EIF4E
cg11636714,1.6300095278730794e-06,0.08672275525270466,0.0249563393703002,IKBKB
