Term,M_univ,K_term,n_sel,x_overlap,expected,p,FDR
Pancreatic cancer,19269,73,99,3,0.3750583839327417,0.006308188508366145,0.5260867431654538
