Term,K_cpg,x_obs,mean_perm,sd_perm,p_emp,FDR_emp
Pancreatic cancer,1344,3,0.4232,0.6528299911917956,0.009398120375924815,0.5581106001022018
